{"cameraMode":{"drawMode":0,"name":"Shaded","section":"Shading Mode"},"sceneLighting":true,"audioPlay":false,"sceneViewState":{"m_AlwaysRefresh":false,"showFog":true,"showSkybox":true,"showFlares":true,"showImageEffects":true,"showParticleSystems":true,"showVisualEffectGraphs":true,"m_FxEnabled":true},"in2DMode":false,"pivot":{"x":24.644535064697267,"y":-3.8995361328125,"z":-21.814376831054689},"rotation":{"x":-0.18476632237434388,"y":-0.04126344248652458,"z":-0.007764752954244614,"w":0.9818850755691528},"size":63.316673278808597,"orthographic":true}